[
    {
        "id": 1,
        "user": {
            "firstName": "Arthur",
            "lastName": "Eichelberger",
            "avatar": "https://userstock.io/data/wp-content/uploads/2020/06/jack-finnigan-rriAI0nhcbc-300x300.jpg"
        },
        "slides": [
            {
                "image": "https://picsum.photos/id/1/500/900",
                "date": "2023-11-11 14:01:04",
                "location": {
                    "x": 50,
                    "y": 20,
                    "text": "Beauvais"
                }
            },
            {
                "image": "https://picsum.photos/id/2/500/900",
                "date": "2023-11-11 18:01:04",
                "duration": 2
            },
            {
                "image": "https://picsum.photos/id/3/500/900",
                "date": "2023-11-19 20:55:04"
            }
        ]
    },
    {
        "id": 2,
        "user": {
            "firstName": "Jane",
            "lastName": "Dong",
            "avatar": "https://userstock.io/data/wp-content/uploads/2020/06/women-s-white-and-black-button-up-collared-shirt-774909-2-300x300.jpg"
        },
        "slides": [
            {
                "image": "https://picsum.photos/id/100/500/900",
                "date": "2023-11-11 14:01:04",
                "location": {
                    "x": 10,
                    "y": 10,
                    "text": "Lyon"
                }
            },
            {
                "image": "https://picsum.photos/id/101/500/900",
                "date": "2023-11-11 14:09:04",
                "duration": 1
            },
            {
                "image": "https://picsum.photos/id/102/500/900",
                "date": "2023-11-22 08:35:04",
                "duration": 1
            },
            {
                "image": "https://picsum.photos/id/103/500/900",
                "date": "2023-11-22 08:38:04"
            },
            {
                "image": "https://picsum.photos/id/104/500/900",
                "date": "2023-11-22 08:41:04"
            }
        ]
    },
    {
        "id": 3,
        "user": {
            "firstName": "Evan",
            "lastName": "Juge",
            "avatar": "https://userstock.io/data/wp-content/uploads/2020/05/warren-wong-VVEwJJRRHgk-300x300.jpg"
        },
        "slides": [
            {
                "image": "https://picsum.photos/id/200/500/900",
                "date": "2023-11-17 14:01:04"
            },
            {
                "image": "https://picsum.photos/id/201/500/900",
                "date": "2023-11-18 14:09:04"
            },
            {
                "image": "https://picsum.photos/id/202/500/900",
                "date": "2023-11-19 08:35:04"
            },
            {
                "image": "https://picsum.photos/id/203/500/900",
                "date": "2023-11-20 08:38:04"
            },
            {
                "image": "https://picsum.photos/id/204/500/900",
                "date": "2023-11-22 08:41:04"
            }
        ]
    },
    {
        "id": 4,
        "user": {
            "firstName": "Monica",
            "lastName": "Lathor",
            "avatar": "https://userstock.io/data/wp-content/uploads/2017/07/tatiana-nino-2963-300x300.jpg"
        },
        "slides": [
            {
                "image": "https://picsum.photos/id/300/500/900",
                "date": "2023-11-22 09:01:04"
            }
        ]
    },
    {
        "id": 5,
        "user": {
            "firstName": "Thierry",
            "lastName": "Girardeau",
            "avatar": "https://userstock.io/data/wp-content/uploads/2020/06/robert-godwin-cdksyTqEXzo-300x300.jpg"
        },
        "slides": [
            {
                "image": "https://picsum.photos/id/400/500/900",
                "date": "2023-11-22 09:01:04"
            },
            {
                "image": "https://picsum.photos/id/401/500/900",
                "date": "2023-11-22 10:06:04"
            }
        ]
    },
    {
        "id": 6,
        "user": {
            "firstName": "Gilles",
            "lastName": "Granger",
            "avatar": "https://userstock.io/data/wp-content/uploads/2017/09/ilaya-raja-280339-300x300.jpg"
        },
        "slides": [
            {
                "image": "https://picsum.photos/id/500/500/900",
                "date": "2023-11-22 09:01:04"
            },
            {
                "image": "https://picsum.photos/id/501/500/900",
                "date": "2023-11-22 10:08:04"
            },
            {
                "image": "https://picsum.photos/id/502/500/900",
                "date": "2023-11-22 10:09:04"
            },
            {
                "image": "https://picsum.photos/id/503/500/900",
                "date": "2023-11-22 10:10:04"
            },
            {
                "image": "https://picsum.photos/id/504/500/900",
                "date": "2023-11-22 10:11:04"
            },
            {
                "image": "https://picsum.photos/id/505/500/900",
                "date": "2023-11-22 10:12:04"
            },
            {
                "image": "https://picsum.photos/id/506/500/900",
                "date": "2023-11-22 10:13:04"
            },
            {
                "image": "https://picsum.photos/id/507/500/900",
                "date": "2023-11-22 10:14:04"
            },
            {
                "image": "https://picsum.photos/id/508/500/900",
                "date": "2023-11-22 10:15:04"
            }
        ]
    }
]